<?xml version="1.0" encoding="UTF-8" standalone="yes"?>
<addon id="repository.ruxton" name="Ruxton's XBMC Addons" version="0.2" provider-name="Ruxton">
  <extension point="xbmc.addon.repository" name="Ruxton's XBMC Addon Repository">
    <info compressed="false">https://raw.github.com/Ruxton/xbmc-addon-repo/master/addons.xml</info>
    <checksum>https://raw.github.com/Ruxton/xbmc-addon-repo/master/addons.xml.md5</checksum>
    <datadir zip="true">https://github.com/Ruxton/xbmc-addon-repo/raw/master/repo/</datadir>
  </extension>
  <extension point="xbmc.addon.metadata">
    <summary>Install Ruxton's Addons</summary>
    <description>Download and install addons by Ruxton</description>
    <platform>all</platform>
  </extension>
</addon>
